Country,sex_ratio,at birth,0-14,15-64,65 years and ove,total population
Afghanistan,"birth: 1.05 male(s)/female 
      
under 15 years: 1.05 male(s)/female 
      
15-64 years: 1.05 male(s)/female 
      
65 years and over: 0.92 male(s)/female 
      
total population: 1.05 male(s)/female (2011 est.) 
        ", 1.05 , 1.05 , 1.05 , 0.92 , 1.05 
Albania,"birth: 1.118 male(s)/female 
      
under 15 years: 1.1 male(s)/female 
      
15-64 years: 1.05 male(s)/female 
      
65 years and over: 0.87 male(s)/female 
      
total population: 1.04 male(s)/female (2011 est.) 
        ", 1.118 , 1.1 , 1.05 , 0.87 , 1.04 
Algeria,"birth: 1.05 male(s)/female 
      
under 15 years: 1.04 male(s)/female 
      
15-64 years: 1.02 male(s)/female 
      
65 years and over: 0.86 male(s)/female 
      
total population: 1.01 male(s)/female (2011 est.) 
        ", 1.05 , 1.04 , 1.02 , 0.86 , 1.01 
American Samoa,"birth: 1.06 male(s)/female 
      
under 15 years: 1.04 male(s)/female 
      
15-64 years: 1.03 male(s)/female 
      
65 years and over: 0.88 male(s)/female 
      
total population: 1.02 male(s)/female (2011 est.) 
        ", 1.06 , 1.04 , 1.03 , 0.88 , 1.02 
Andorra,"birth: 1.066 male(s)/female 
      
under 15 years: 1.06 male(s)/female 
      
15-64 years: 1.09 male(s)/female 
      
65 years and over: 0.99 male(s)/female 
      
total population: 1.07 male(s)/female (2011 est.) 
        ", 1.066 , 1.06 , 1.09 , 0.99 , 1.07 
Angola,"birth: 1.05 male(s)/female 
      
under 15 years: 1.02 male(s)/female 
      
15-64 years: 1.03 male(s)/female 
      
65 years and over: 0.79 male(s)/female 
      
total population: 1.02 male(s)/female (2011 est.) 
        ", 1.05 , 1.02 , 1.03 , 0.79 , 1.02 
Anguilla,"birth: 1.031 male(s)/female 
      
under 15 years: 1.05 male(s)/female 
      
15-64 years: 0.9 male(s)/female 
      
65 years and over: 0.93 male(s)/female 
      
total population: 0.94 male(s)/female (2011 est.) 
        ", 1.031 , 1.05 , 0.9 , 0.93 , 0.94 
Antigua and Barbuda,"birth: 1.05 male(s)/female 
      
under 15 years: 1.03 male(s)/female 
      
15-64 years: 0.87 male(s)/female 
      
65 years and over: 0.76 male(s)/female 
      
total population: 0.9 male(s)/female (2011 est.) 
        ", 1.05 , 1.03 , 0.87 , 0.76 , 0.9 
Argentina,"birth: 1.052 male(s)/female 
      
under 15 years: 1.05 male(s)/female 
      
15-64 years: 1 male(s)/female 
      
65 years and over: 0.7 male(s)/female 
      
total population: 0.97 male(s)/female (2011 est.) 
        ", 1.052 , 1.05 , 1 , 0.7 , 0.97 
Armenia,"birth: 1.124 male(s)/female 
      
under 15 years: 1.15 male(s)/female 
      
15-64 years: 0.88 male(s)/female 
      
65 years and over: 0.62 male(s)/female 
      
total population: 0.89 male(s)/female (2011 est.) 
        ", 1.124 , 1.15 , 0.88 , 0.62 , 0.89 
Aruba,"birth: 1.021 male(s)/female 
      
under 15 years: 1.01 male(s)/female 
      
15-64 years: 0.92 male(s)/female 
      
65 years and over: 0.66 male(s)/female 
      
total population: 0.9 male(s)/female (2011 est.) 
        ", 1.021 , 1.01 , 0.92 , 0.66 , 0.9 
Australia,"birth: 1.055 male(s)/female 
      
under 15 years: 1.05 male(s)/female 
      
15-64 years: 1.03 male(s)/female 
      
65 years and over: 0.84 male(s)/female 
      
total population: 1 male(s)/female (2011 est.) 
        ", 1.055 , 1.05 , 1.03 , 0.84 , 1 
Austria,"birth: 1.051 male(s)/female 
      
under 15 years: 1.05 male(s)/female 
      
15-64 years: 1.01 male(s)/female 
      
65 years and over: 0.71 male(s)/female 
      
total population: 0.95 male(s)/female (2011 est.) 
        ", 1.051 , 1.05 , 1.01 , 0.71 , 0.95 
Azerbaijan,"birth: 1.116 male(s)/female 
      
under 15 years: 1.13 male(s)/female 
      
15-64 years: 0.97 male(s)/female 
      
65 years and over: 0.58 male(s)/female 
      
total population: 0.97 male(s)/female (2011 est.) 
        ", 1.116 , 1.13 , 0.97 , 0.58 , 0.97 
"Bahamas, The","birth: 1.03 male(s)/female 
      
under 15 years: 1.03 male(s)/female 
      
15-64 years: 0.97 male(s)/female 
      
65 years and over: 0.62 male(s)/female 
      
total population: 0.96 male(s)/female (2011 est.) 
        ", 1.03 , 1.03 , 0.97 , 0.62 , 0.96 
Bahrain,"birth: 1.028 male(s)/female 
      
under 15 years: 1.02 male(s)/female 
      
15-64 years: 1.33 male(s)/female 
      
65 years and over: 1.13 male(s)/female 
      
total population: 1.24 male(s)/female (2011 est.) 
        ", 1.028 , 1.02 , 1.33 , 1.13 , 1.24 
Bangladesh,"birth: 1.04 male(s)/female 
      
under 15 years: 1.01 male(s)/female 
      
15-64 years: 0.89 male(s)/female 
      
65 years and over: 0.93 male(s)/female 
      
total population: 0.93 male(s)/female (2011 est.) 
        ", 1.04 , 1.01 , 0.89 , 0.93 , 0.93 
Barbados,"birth: 1.013 male(s)/female 
      
under 15 years: 1 male(s)/female 
      
15-64 years: 0.97 male(s)/female 
      
65 years and over: 0.64 male(s)/female 
      
total population: 0.94 male(s)/female (2011 est.) 
        ", 1.013 , 1 , 0.97 , 0.64 , 0.94 
Belarus,"birth: 1.062 male(s)/female 
      
under 15 years: 1.06 male(s)/female 
      
15-64 years: 0.94 male(s)/female 
      
65 years and over: 0.47 male(s)/female 
      
total population: 0.87 male(s)/female (2011 est.) 
        ", 1.062 , 1.06 , 0.94 , 0.47 , 0.87 
Belgium,"birth: 1.045 male(s)/female 
      
under 15 years: 1.04 male(s)/female 
      
15-64 years: 1.02 male(s)/female 
      
65 years and over: 0.71 male(s)/female 
      
total population: 0.96 male(s)/female (2011 est.) 
        ", 1.045 , 1.04 , 1.02 , 0.71 , 0.96 
Belize,"birth: 1.05 male(s)/female 
      
under 15 years: 1.04 male(s)/female 
      
15-64 years: 1.02 male(s)/female 
      
65 years and over: 0.91 male(s)/female 
      
total population: 1.03 male(s)/female (2011 est.) 
        ", 1.05 , 1.04 , 1.02 , 0.91 , 1.03 
Benin,"birth: 1.05 male(s)/female 
      
under 15 years: 1.04 male(s)/female 
      
15-64 years: 0.99 male(s)/female 
      
65 years and over: 0.69 male(s)/female 
      
total population: 1 male(s)/female (2011 est.) 
        ", 1.05 , 1.04 , 0.99 , 0.69 , 1 
Bermuda,"birth: 1.015 male(s)/female 
      
under 15 years: 1.01 male(s)/female 
      
15-64 years: 0.97 male(s)/female 
      
65 years and over: 0.71 male(s)/female 
      
total population: 0.94 male(s)/female (2011 est.) 
        ", 1.015 , 1.01 , 0.97 , 0.71 , 0.94 
Bhutan,"birth: 1.05 male(s)/female 
      
under 15 years: 1.04 male(s)/female 
      
15-64 years: 1.13 male(s)/female 
      
65 years and over: 1.12 male(s)/female 
      
total population: 1.1 male(s)/female (2011 est.) 
        ", 1.05 , 1.04 , 1.13 , 1.12 , 1.1 
Bolivia,"birth: 1.05 male(s)/female 
      
under 15 years: 1.04 male(s)/female 
      
15-64 years: 0.96 male(s)/female 
      
65 years and over: 0.79 male(s)/female 
      
total population: 0.98 male(s)/female (2011 est.) 
        ", 1.05 , 1.04 , 0.96 , 0.79 , 0.98 
Bosnia and Herzegovina,"birth: 1.074 male(s)/female 
      
under 15 years: 1.07 male(s)/female 
      
15-64 years: 1.02 male(s)/female 
      
65 years and over: 0.69 male(s)/female 
      
total population: 0.97 male(s)/female (2011 est.) 
        ", 1.074 , 1.07 , 1.02 , 0.69 , 0.97 
Botswana,"birth: 1.03 male(s)/female 
      
under 15 years: 1.04 male(s)/female 
      
15-64 years: 1.02 male(s)/female 
      
65 years and over: 0.68 male(s)/female 
      
total population: 1.01 male(s)/female (2011 est.) 
        ", 1.03 , 1.04 , 1.02 , 0.68 , 1.01 
Brazil,"birth: 1.05 male(s)/female 
      
under 15 years: 1.04 male(s)/female 
      
15-64 years: 0.98 male(s)/female 
      
65 years and over: 0.73 male(s)/female 
      
total population: 0.98 male(s)/female (2011 est.) 
        ", 1.05 , 1.04 , 0.98 , 0.73 , 0.98 
British Virgin Islands,"birth: 1.05 male(s)/female 
      
under 15 years: 1.03 male(s)/female 
      
15-64 years: 1.05 male(s)/female 
      
65 years and over: 1.07 male(s)/female 
      
total population: 1.05 male(s)/female (2011 est.) 
        ", 1.05 , 1.03 , 1.05 , 1.07 , 1.05 
Brunei,"birth: 1.047 male(s)/female 
      
under 15 years: 1.06 male(s)/female 
      
15-64 years: 0.99 male(s)/female 
      
65 years and over: 0.94 male(s)/female 
      
total population: 1 male(s)/female (2011 est.) 
        ", 1.047 , 1.06 , 0.99 , 0.94 , 1 
Bulgaria,"birth: 1.06 male(s)/female 
      
under 15 years: 1.05 male(s)/female 
      
15-64 years: 0.97 male(s)/female 
      
65 years and over: 0.68 male(s)/female 
      
total population: 0.92 male(s)/female (2011 est.) 
        ", 1.06 , 1.05 , 0.97 , 0.68 , 0.92 
Burkina Faso,"birth: 1.03 male(s)/female 
      
under 15 years: 1.01 male(s)/female 
      
15-64 years: 1 male(s)/female 
      
65 years and over: 0.64 male(s)/female 
      
total population: 0.99 male(s)/female (2011 est.) 
        ", 1.03 , 1.01 , 1 , 0.64 , 0.99 
Burma,"birth: 1.06 male(s)/female 
      
under 15 years: 1.04 male(s)/female 
      
15-64 years: 0.99 male(s)/female 
      
65 years and over: 0.77 male(s)/female 
      
total population: 0.99 male(s)/female (2011 est.) 
        ", 1.06 , 1.04 , 0.99 , 0.77 , 0.99 
Burundi,"birth: 1.03 male(s)/female 
      
under 15 years: 1.01 male(s)/female 
      
15-64 years: 0.97 male(s)/female 
      
65 years and over: 0.67 male(s)/female 
      
total population: 0.98 male(s)/female (2011 est.) 
        ", 1.03 , 1.01 , 0.97 , 0.67 , 0.98 
Cambodia,"birth: 1.045 male(s)/female 
      
under 15 years: 1.02 male(s)/female 
      
15-64 years: 0.95 male(s)/female 
      
65 years and over: 0.6 male(s)/female 
      
total population: 0.96 male(s)/female (2011 est.) 
        ", 1.045 , 1.02 , 0.95 , 0.6 , 0.96 
Cameroon,"birth: 1.03 male(s)/female 
      
under 15 years: 1.02 male(s)/female 
      
15-64 years: 1.01 male(s)/female 
      
65 years and over: 0.85 male(s)/female 
      
total population: 1.01 male(s)/female (2011 est.) 
        ", 1.03 , 1.02 , 1.01 , 0.85 , 1.01 
Canada,"birth: 1.056 male(s)/female 
      
under 15 years: 1.05 male(s)/female 
      
15-64 years: 1.02 male(s)/female 
      
65 years and over: 0.78 male(s)/female 
      
total population: 0.98 male(s)/female (2011 est.) 
        ", 1.056 , 1.05 , 1.02 , 0.78 , 0.98 
Cape Verde,"birth: 1.03 male(s)/female 
      
under 15 years: 1.01 male(s)/female 
      
15-64 years: 0.94 male(s)/female 
      
65 years and over: 0.61 male(s)/female 
      
total population: 0.94 male(s)/female (2011 est.) 
        ", 1.03 , 1.01 , 0.94 , 0.61 , 0.94 
Cayman Islands,"birth: 1.016 male(s)/female 
      
under 15 years: 1.01 male(s)/female 
      
15-64 years: 0.95 male(s)/female 
      
65 years and over: 0.89 male(s)/female 
      
total population: 0.96 male(s)/female (2011 est.) 
        ", 1.016 , 1.01 , 0.95 , 0.89 , 0.96 
Central African Republic,"birth: 1.03 male(s)/female 
      
under 15 years: 1.01 male(s)/female 
      
15-64 years: 0.98 male(s)/female 
      
65 years and over: 0.67 male(s)/female 
      
total population: 0.98 male(s)/female (2011 est.) 
        ", 1.03 , 1.01 , 0.98 , 0.67 , 0.98 
Chad,"birth: 1.04 male(s)/female 
      
under 15 years: 1.03 male(s)/female 
      
15-64 years: 0.85 male(s)/female 
      
65 years and over: 0.73 male(s)/female 
      
total population: 0.92 male(s)/female (2011 est.) 
        ", 1.04 , 1.03 , 0.85 , 0.73 , 0.92 
Chile,"birth: 1.05 male(s)/female 
      
under 15 years: 1.05 male(s)/female 
      
15-64 years: 1 male(s)/female 
      
65 years and over: 0.72 male(s)/female 
      
total population: 0.98 male(s)/female (2011 est.) 
        ", 1.05 , 1.05 , 1 , 0.72 , 0.98 
China,"birth: 1.133 male(s)/female 
      
under 15 years: 1.17 male(s)/female 
      
15-64 years: 1.06 male(s)/female 
      
65 years and over: 0.93 male(s)/female 
      
total population: 1.06 male(s)/female (2011 est.) 
        ", 1.133 , 1.17 , 1.06 , 0.93 , 1.06 
Christmas Island,"   NA (2009 est.) 
        "
Colombia,"birth: 1.06 male(s)/female 
      
under 15 years: 1.05 male(s)/female 
      
15-64 years: 0.97 male(s)/female 
      
65 years and over: 0.74 male(s)/female 
      
total population: 0.98 male(s)/female (2011 est.) 
        ", 1.06 , 1.05 , 0.97 , 0.74 , 0.98 
Comoros,"birth: 1.03 male(s)/female 
      
under 15 years: 1.01 male(s)/female 
      
15-64 years: 0.98 male(s)/female 
      
65 years and over: 0.83 male(s)/female 
      
total population: 0.98 male(s)/female (2011 est.) 
        ", 1.03 , 1.01 , 0.98 , 0.83 , 0.98 
"Congo, Democratic Republic of the","birth: 1.03 male(s)/female 
      
under 15 years: 1.01 male(s)/female 
      
15-64 years: 0.99 male(s)/female 
      
65 years and over: 0.69 male(s)/female 
      
total population: 0.99 male(s)/female (2011 est.) 
        ", 1.03 , 1.01 , 0.99 , 0.69 , 0.99 
"Congo, Republic of the","birth: 1.03 male(s)/female 
      
under 15 years: 1.01 male(s)/female 
      
15-64 years: 0.99 male(s)/female 
      
65 years and over: 0.7 male(s)/female 
      
total population: 0.99 male(s)/female (2011 est.) 
        ", 1.03 , 1.01 , 0.99 , 0.7 , 0.99 
Cook Islands,"birth: 1.048 male(s)/female 
      
under 15 years: 1.13 male(s)/female 
      
15-64 years: 1.07 male(s)/female 
      
65 years and over: 0.96 male(s)/female 
      
total population: 1.07 male(s)/female (2011 est.) 
        ", 1.048 , 1.13 , 1.07 , 0.96 , 1.07 
Costa Rica,"birth: 1.05 male(s)/female 
      
under 15 years: 1.05 male(s)/female 
      
15-64 years: 1.01 male(s)/female 
      
65 years and over: 0.86 male(s)/female 
      
total population: 1.01 male(s)/female (2011 est.) 
        ", 1.05 , 1.05 , 1.01 , 0.86 , 1.01 
Cote d'Ivoire,"birth: 1.03 male(s)/female 
      
under 15 years: 1.02 male(s)/female 
      
15-64 years: 1.04 male(s)/female 
      
65 years and over: 0.99 male(s)/female 
      
total population: 1.03 male(s)/female (2011 est.) 
        ", 1.03 , 1.02 , 1.04 , 0.99 , 1.03 
Croatia,"birth: 1.055 male(s)/female 
      
under 15 years: 1.06 male(s)/female 
      
15-64 years: 0.99 male(s)/female 
      
65 years and over: 0.64 male(s)/female 
      
total population: 0.93 male(s)/female (2011 est.) 
        ", 1.055 , 1.06 , 0.99 , 0.64 , 0.93 
Cuba,"birth: 1.06 male(s)/female 
      
under 15 years: 1.06 male(s)/female 
      
15-64 years: 1 male(s)/female 
      
65 years and over: 0.83 male(s)/female 
      
total population: 0.99 male(s)/female (2011 est.) 
        ", 1.06 , 1.06 , 1 , 0.83 , 0.99 
Curacao,"birth: 1.15 male(s)/female 
      
under 15 years: 1.05 male(s)/female 
      
15-64 years: 0.82 male(s)/female 
      
65 years and over: 0.67 male(s)/female 
      
total population: 0.85 male(s)/female (2010) 
        ", 1.15 , 1.05 , 0.82 , 0.67 , 0.85 
Cyprus,"birth: 1.05 male(s)/female 
      
under 15 years: 1.06 male(s)/female 
      
15-64 years: 1.08 male(s)/female 
      
65 years and over: 0.77 male(s)/female 
      
total population: 1.04 male(s)/female (2011 est.) 
        ", 1.05 , 1.06 , 1.08 , 0.77 , 1.04 
Czech Republic,"birth: 1.059 male(s)/female 
      
under 15 years: 1.06 male(s)/female 
      
15-64 years: 1.01 male(s)/female 
      
65 years and over: 0.66 male(s)/female 
      
total population: 0.95 male(s)/female (2011 est.) 
        ", 1.059 , 1.06 , 1.01 , 0.66 , 0.95 
Denmark,"birth: 1.055 male(s)/female 
      
under 15 years: 1.05 male(s)/female 
      
15-64 years: 1.01 male(s)/female 
      
65 years and over: 0.78 male(s)/female 
      
total population: 0.98 male(s)/female (2011 est.) 
        ", 1.055 , 1.05 , 1.01 , 0.78 , 0.98 
Djibouti,"birth: 1.03 male(s)/female 
      
under 15 years: 1 male(s)/female 
      
15-64 years: 0.8 male(s)/female 
      
65 years and over: 0.81 male(s)/female 
      
total population: 0.86 male(s)/female (2011 est.) 
        ", 1.03 , 1 , 0.8 , 0.81 , 0.86 
Dominica,"birth: 1.05 male(s)/female 
      
under 15 years: 1.04 male(s)/female 
      
15-64 years: 1.05 male(s)/female 
      
65 years and over: 0.76 male(s)/female 
      
total population: 1.02 male(s)/female (2011 est.) 
        ", 1.05 , 1.04 , 1.05 , 0.76 , 1.02 
Dominican Republic,"birth: 1.04 male(s)/female 
      
under 15 years: 1.04 male(s)/female 
      
15-64 years: 1.04 male(s)/female 
      
65 years and over: 0.86 male(s)/female 
      
total population: 1.03 male(s)/female (2011 est.) 
        ", 1.04 , 1.04 , 1.04 , 0.86 , 1.03 
Ecuador,"birth: 1.05 male(s)/female 
      
under 15 years: 1.04 male(s)/female 
      
15-64 years: 0.97 male(s)/female 
      
65 years and over: 0.93 male(s)/female 
      
total population: 0.99 male(s)/female (2011 est.) 
        ", 1.05 , 1.04 , 0.97 , 0.93 , 0.99 
Egypt,"birth: 1.05 male(s)/female 
      
under 15 years: 1.05 male(s)/female 
      
15-64 years: 1.03 male(s)/female 
      
65 years and over: 0.83 male(s)/female 
      
total population: 1.03 male(s)/female (2011 est.) 
        ", 1.05 , 1.05 , 1.03 , 0.83 , 1.03 
El Salvador,"birth: 1.05 male(s)/female 
      
under 15 years: 1.05 male(s)/female 
      
15-64 years: 0.89 male(s)/female 
      
65 years and over: 0.81 male(s)/female 
      
total population: 0.93 male(s)/female (2011 est.) 
        ", 1.05 , 1.05 , 0.89 , 0.81 , 0.93 
Equatorial Guinea,"birth: 1.03 male(s)/female 
      
under 15 years: 1.03 male(s)/female 
      
15-64 years: 0.97 male(s)/female 
      
65 years and over: 0.78 male(s)/female 
      
total population: 0.99 male(s)/female (2011 est.) 
        ", 1.03 , 1.03 , 0.97 , 0.78 , 0.99 
Eritrea,"birth: 1.03 male(s)/female 
      
under 15 years: 1.01 male(s)/female 
      
15-64 years: 0.96 male(s)/female 
      
65 years and over: 0.82 male(s)/female 
      
total population: 0.98 male(s)/female (2011 est.) 
        ", 1.03 , 1.01 , 0.96 , 0.82 , 0.98 
Estonia,"birth: 1.063 male(s)/female 
      
under 15 years: 1.06 male(s)/female 
      
15-64 years: 0.91 male(s)/female 
      
65 years and over: 0.49 male(s)/female 
      
total population: 0.84 male(s)/female (2011 est.) 
        ", 1.063 , 1.06 , 0.91 , 0.49 , 0.84 
Ethiopia,"birth: 1.03 male(s)/female 
      
under 15 years: 1 male(s)/female 
      
15-64 years: 0.96 male(s)/female 
      
65 years and over: 0.75 male(s)/female 
      
total population: 0.97 male(s)/female (2011 est.) 
        ", 1.03 , 1 , 0.96 , 0.75 , 0.97 
European Union,"birth: 1.06 male(s)/female 
      
under 15 years: 1.05 male(s)/female 
      
15-64 years: 1 male(s)/female 
      
65 years and over: 0.73 male(s)/female 
      
total population: 0.95 male(s)/female (2011 est.) 
        ", 1.06 , 1.05 , 1 , 0.73 , 0.95 
Faroe Islands,"birth: 1.071 male(s)/female 
      
under 15 years: 1.07 male(s)/female 
      
15-64 years: 1.15 male(s)/female 
      
65 years and over: 0.9 male(s)/female 
      
total population: 1.09 male(s)/female (2011 est.) 
        ", 1.071 , 1.07 , 1.15 , 0.9 , 1.09 
Fiji,"birth: 1.05 male(s)/female 
      
under 15 years: 1.04 male(s)/female 
      
15-64 years: 1 male(s)/female 
      
65 years and over: 0.81 male(s)/female 
      
total population: 1 male(s)/female (2011 est.) 
        ", 1.05 , 1.04 , 1 , 0.81 , 1 
Finland,"birth: 1.04 male(s)/female 
      
under 15 years: 1.04 male(s)/female 
      
15-64 years: 1.02 male(s)/female 
      
65 years and over: 0.69 male(s)/female 
      
total population: 0.96 male(s)/female (2011 est.) 
        ", 1.04 , 1.04 , 1.02 , 0.69 , 0.96 
France,"birth: 1.051 male(s)/female 
      
under 15 years: 1.05 male(s)/female 
      
15-64 years: 1 male(s)/female 
      
65 years and over: 0.72 male(s)/female 
      
total population: 0.96 male(s)/female (2011 est.) 
        ", 1.051 , 1.05 , 1 , 0.72 , 0.96 
French Polynesia,"birth: 1.05 male(s)/female 
      
under 15 years: 1.04 male(s)/female 
      
15-64 years: 1.07 male(s)/female 
      
65 years and over: 1.02 male(s)/female 
      
total population: 1.06 male(s)/female (2011 est.) 
        ", 1.05 , 1.04 , 1.07 , 1.02 , 1.06 
Gabon,"birth: 1.03 male(s)/female 
      
under 15 years: 1.01 male(s)/female 
      
15-64 years: 1 male(s)/female 
      
65 years and over: 0.72 male(s)/female 
      
total population: 0.99 male(s)/female (2011 est.) 
        ", 1.03 , 1.01 , 1 , 0.72 , 0.99 
"Gambia, The","birth: 1.03 male(s)/female 
      
under 15 years: 1.01 male(s)/female 
      
15-64 years: 0.98 male(s)/female 
      
65 years and over: 0.98 male(s)/female 
      
total population: 1 male(s)/female (2011 est.) 
        ", 1.03 , 1.01 , 0.98 , 0.98 , 1 
Gaza Strip,"birth: 1.06 male(s)/female 
      
under 15 years: 1.06 male(s)/female 
      
15-64 years: 1.05 male(s)/female 
      
65 years and over: 0.68 male(s)/female 
      
total population: 1.04 male(s)/female (2011 est.) 
        ", 1.06 , 1.06 , 1.05 , 0.68 , 1.04 
Georgia,"birth: 1.113 male(s)/female 
      
under 15 years: 1.15 male(s)/female 
      
15-64 years: 0.93 male(s)/female 
      
65 years and over: 0.66 male(s)/female 
      
total population: 0.91 male(s)/female (2011 est.) 
        ", 1.113 , 1.15 , 0.93 , 0.66 , 0.91 
Germany,"birth: 1.055 male(s)/female 
      
under 15 years: 1.05 male(s)/female 
      
15-64 years: 1.04 male(s)/female 
      
65 years and over: 0.72 male(s)/female 
      
total population: 0.97 male(s)/female (2011 est.) 
        ", 1.055 , 1.05 , 1.04 , 0.72 , 0.97 
Ghana,"birth: 1.03 male(s)/female 
      
under 15 years: 1.02 male(s)/female 
      
15-64 years: 1 male(s)/female 
      
65 years and over: 0.84 male(s)/female 
      
total population: 1 male(s)/female (2011 est.) 
        ", 1.03 , 1.02 , 1 , 0.84 , 1 
Gibraltar,"birth: 1.07 male(s)/female 
      
under 15 years: 1.06 male(s)/female 
      
15-64 years: 1.02 male(s)/female 
      
65 years and over: 0.93 male(s)/female 
      
total population: 1.01 male(s)/female (2011 est.) 
        ", 1.07 , 1.06 , 1.02 , 0.93 , 1.01 
Greece,"birth: 1.064 male(s)/female 
      
under 15 years: 1.06 male(s)/female 
      
15-64 years: 1 male(s)/female 
      
65 years and over: 0.78 male(s)/female 
      
total population: 0.96 male(s)/female (2011 est.) 
        ", 1.064 , 1.06 , 1 , 0.78 , 0.96 
Greenland,"birth: 1.051 male(s)/female 
      
under 15 years: 1.03 male(s)/female 
      
15-64 years: 1.15 male(s)/female 
      
65 years and over: 1.05 male(s)/female 
      
total population: 1.12 male(s)/female (2011 est.) 
        ", 1.051 , 1.03 , 1.15 , 1.05 , 1.12 
Grenada,"birth: 1.098 male(s)/female 
      
under 15 years: 1.05 male(s)/female 
      
15-64 years: 1.04 male(s)/female 
      
65 years and over: 0.82 male(s)/female 
      
total population: 1.02 male(s)/female (2011 est.) 
        ", 1.098 , 1.05 , 1.04 , 0.82 , 1.02 
Guam,"birth: 1.06 male(s)/female 
      
under 15 years: 1.07 male(s)/female 
      
15-64 years: 1.04 male(s)/female 
      
65 years and over: 0.85 male(s)/female 
      
total population: 1.03 male(s)/female (2011 est.) 
        ", 1.06 , 1.07 , 1.04 , 0.85 , 1.03 
Guatemala,"birth: 1.05 male(s)/female 
      
under 15 years: 1.04 male(s)/female 
      
15-64 years: 0.94 male(s)/female 
      
65 years and over: 0.86 male(s)/female 
      
total population: 0.97 male(s)/female (2011 est.) 
        ", 1.05 , 1.04 , 0.94 , 0.86 , 0.97 
Guernsey,"birth: 1.05 male(s)/female 
      
under 15 years: 1.03 male(s)/female 
      
15-64 years: 0.98 male(s)/female 
      
65 years and over: 0.77 male(s)/female 
      
total population: 0.95 male(s)/female (2011 est.) 
        ", 1.05 , 1.03 , 0.98 , 0.77 , 0.95 
Guinea,"birth: 1.03 male(s)/female 
      
under 15 years: 1.02 male(s)/female 
      
15-64 years: 1 male(s)/female 
      
65 years and over: 0.78 male(s)/female 
      
total population: 1 male(s)/female (2011 est.) 
        ", 1.03 , 1.02 , 1 , 0.78 , 1 
Guinea-Bissau,"birth: 1.03 male(s)/female 
      
under 15 years: 1 male(s)/female 
      
15-64 years: 0.93 male(s)/female 
      
65 years and over: 0.66 male(s)/female 
      
total population: 0.95 male(s)/female (2011 est.) 
        ", 1.03 , 1 , 0.93 , 0.66 , 0.95 
Guyana,"birth: 1.05 male(s)/female 
      
under 15 years: 1.04 male(s)/female 
      
15-64 years: 1 male(s)/female 
      
65 years and over: 0.71 male(s)/female 
      
total population: 1 male(s)/female (2011 est.) 
        ", 1.05 , 1.04 , 1 , 0.71 , 1 
Haiti,"birth: 1.011 male(s)/female 
      
under 15 years: 1.02 male(s)/female 
      
15-64 years: 0.99 male(s)/female 
      
65 years and over: 0.62 male(s)/female 
      
total population: 0.98 male(s)/female (2011 est.) 
        ", 1.011 , 1.02 , 0.99 , 0.62 , 0.98 
Honduras,"birth: 1.05 male(s)/female 
      
under 15 years: 1.04 male(s)/female 
      
15-64 years: 1.01 male(s)/female 
      
65 years and over: 0.81 male(s)/female 
      
total population: 1.01 male(s)/female (2011 est.) 
        ", 1.05 , 1.04 , 1.01 , 0.81 , 1.01 
Hong Kong,"birth: 1.075 male(s)/female 
      
under 15 years: 1.09 male(s)/female 
      
15-64 years: 0.94 male(s)/female 
      
65 years and over: 0.88 male(s)/female 
      
total population: 0.95 male(s)/female (2011 est.) 
        ", 1.075 , 1.09 , 0.94 , 0.88 , 0.95 
Hungary,"birth: 1.057 male(s)/female 
      
under 15 years: 1.06 male(s)/female 
      
15-64 years: 0.98 male(s)/female 
      
65 years and over: 0.57 male(s)/female 
      
total population: 0.91 male(s)/female (2011 est.) 
        ", 1.057 , 1.06 , 0.98 , 0.57 , 0.91 
Iceland,"birth: 1.04 male(s)/female 
      
under 15 years: 1.03 male(s)/female 
      
15-64 years: 1.02 male(s)/female 
      
65 years and over: 0.83 male(s)/female 
      
total population: 1 male(s)/female (2011 est.) 
        ", 1.04 , 1.03 , 1.02 , 0.83 , 1 
India,"birth: 1.12 male(s)/female 
      
under 15 years: 1.13 male(s)/female 
      
15-64 years: 1.07 male(s)/female 
      
65 years and over: 0.91 male(s)/female 
      
total population: 1.08 male(s)/female (2011 est.) 
        ", 1.12 , 1.13 , 1.07 , 0.91 , 1.08 
Indonesia,"birth: 1.05 male(s)/female 
      
under 15 years: 1.04 male(s)/female 
      
15-64 years: 1.01 male(s)/female 
      
65 years and over: 0.79 male(s)/female 
      
total population: 1 male(s)/female (2011 est.) 
        ", 1.05 , 1.04 , 1.01 , 0.79 , 1 
Iran,"birth: 1.05 male(s)/female 
      
under 15 years: 1.05 male(s)/female 
      
15-64 years: 1.02 male(s)/female 
      
65 years and over: 0.91 male(s)/female 
      
total population: 1.02 male(s)/female (2011 est.) 
        ", 1.05 , 1.05 , 1.02 , 0.91 , 1.02 
Iraq,"birth: 1.05 male(s)/female 
      
under 15 years: 1.04 male(s)/female 
      
15-64 years: 1.03 male(s)/female 
      
65 years and over: 0.88 male(s)/female 
      
total population: 1.03 male(s)/female (2011 est.) 
        ", 1.05 , 1.04 , 1.03 , 0.88 , 1.03 
Ireland,"birth: 1.057 male(s)/female 
      
under 15 years: 1.07 male(s)/female 
      
15-64 years: 1 male(s)/female 
      
65 years and over: 0.81 male(s)/female 
      
total population: 0.99 male(s)/female (2011 est.) 
        ", 1.057 , 1.07 , 1 , 0.81 , 0.99 
Isle of Man,"birth: 1.08 male(s)/female 
      
under 15 years: 1.05 male(s)/female 
      
15-64 years: 1.01 male(s)/female 
      
65 years and over: 0.71 male(s)/female 
      
total population: 0.96 male(s)/female (2011 est.) 
        ", 1.08 , 1.05 , 1.01 , 0.71 , 0.96 
Israel,"birth: 1.05 male(s)/female 
      
under 15 years: 1.05 male(s)/female 
      
15-64 years: 1.03 male(s)/female 
      
65 years and over: 0.78 male(s)/female 
      
total population: 1 male(s)/female (2011 est.) 
        ", 1.05 , 1.05 , 1.03 , 0.78 , 1 
Italy,"birth: 1.059 male(s)/female 
      
under 15 years: 1.06 male(s)/female 
      
15-64 years: 1.03 male(s)/female 
      
65 years and over: 0.72 male(s)/female 
      
total population: 0.96 male(s)/female (2011 est.) 
        ", 1.059 , 1.06 , 1.03 , 0.72 , 0.96 
Jamaica,"birth: 1.05 male(s)/female 
      
under 15 years: 1.03 male(s)/female 
      
15-64 years: 0.97 male(s)/female 
      
65 years and over: 0.81 male(s)/female 
      
total population: 0.98 male(s)/female (2011 est.) 
        ", 1.05 , 1.03 , 0.97 , 0.81 , 0.98 
Japan,"birth: 1.056 male(s)/female 
      
under 15 years: 1.06 male(s)/female 
      
15-64 years: 1.02 male(s)/female 
      
65 years and over: 0.74 male(s)/female 
      
total population: 0.95 male(s)/female (2011 est.) 
        ", 1.056 , 1.06 , 1.02 , 0.74 , 0.95 
Jersey,"birth: 1.06 male(s)/female 
      
under 15 years: 1.08 male(s)/female 
      
15-64 years: 1 male(s)/female 
      
65 years and over: 0.8 male(s)/female 
      
total population: 0.97 male(s)/female (2011 est.) 
        ", 1.06 , 1.08 , 1 , 0.8 , 0.97 
Jordan,"birth: 1.06 male(s)/female 
      
under 15 years: 1.06 male(s)/female 
      
15-64 years: 1.03 male(s)/female 
      
65 years and over: 0.97 male(s)/female 
      
total population: 1.04 male(s)/female (2011 est.) 
        ", 1.06 , 1.06 , 1.03 , 0.97 , 1.04 
Kazakhstan,"birth: 1.058 male(s)/female 
      
under 15 years: 1.04 male(s)/female 
      
15-64 years: 0.95 male(s)/female 
      
65 years and over: 0.53 male(s)/female 
      
total population: 0.93 male(s)/female (2011 est.) 
        ", 1.058 , 1.04 , 0.95 , 0.53 , 0.93 
Kenya,"birth: 1.02 male(s)/female 
      
under 15 years: 1.01 male(s)/female 
      
15-64 years: 1.01 male(s)/female 
      
65 years and over: 0.83 male(s)/female 
      
total population: 1.01 male(s)/female (2011 est.) 
        ", 1.02 , 1.01 , 1.01 , 0.83 , 1.01 
Kiribati,"birth: 1.05 male(s)/female 
      
under 15 years: 1.04 male(s)/female 
      
15-64 years: 0.95 male(s)/female 
      
65 years and over: 0.64 male(s)/female 
      
total population: 0.97 male(s)/female (2011 est.) 
        ", 1.05 , 1.04 , 0.95 , 0.64 , 0.97 
"Korea, North","birth: 1.047 male(s)/female 
      
under 15 years: 1.03 male(s)/female 
      
15-64 years: 0.98 male(s)/female 
      
65 years and over: 0.64 male(s)/female 
      
total population: 0.95 male(s)/female (2011 est.) 
        ", 1.047 , 1.03 , 0.98 , 0.64 , 0.95 
"Korea, South","birth: 1.069 male(s)/female 
      
under 15 years: 1.1 male(s)/female 
      
15-64 years: 1.04 male(s)/female 
      
65 years and over: 0.67 male(s)/female 
      
total population: 1 male(s)/female (2011 est.) 
        ", 1.069 , 1.1 , 1.04 , 0.67 , 1 
Kosovo,"birth: 1.085 male(s)/female 
      
under 15 years: 1.09 male(s)/female 
      
15-64 years: 1.09 male(s)/female 
      
65 years and over: 0.74 male(s)/female 
      
total population: 1.06 male(s)/female (2011 est.) 
        ", 1.085 , 1.09 , 1.09 , 0.74 , 1.06 
Kuwait,"birth: 1.047 male(s)/female 
      
under 15 years: 1.04 male(s)/female 
      
15-64 years: 1.79 male(s)/female 
      
65 years and over: 1.65 male(s)/female 
      
total population: 1.54 male(s)/female (2011 est.) 
        ", 1.047 , 1.04 , 1.79 , 1.65 , 1.54 
Kyrgyzstan,"birth: 1.053 male(s)/female 
      
under 15 years: 1.04 male(s)/female 
      
15-64 years: 0.96 male(s)/female 
      
65 years and over: 0.64 male(s)/female 
      
total population: 0.96 male(s)/female (2011 est.) 
        ", 1.053 , 1.04 , 0.96 , 0.64 , 0.96 
Laos,"birth: 1.04 male(s)/female 
      
under 15 years: 1.01 male(s)/female 
      
15-64 years: 0.98 male(s)/female 
      
65 years and over: 0.75 male(s)/female 
      
total population: 0.98 male(s)/female (2011 est.) 
        ", 1.04 , 1.01 , 0.98 , 0.75 , 0.98 
Latvia,"birth: 1.054 male(s)/female 
      
under 15 years: 1.05 male(s)/female 
      
15-64 years: 0.95 male(s)/female 
      
65 years and over: 0.48 male(s)/female 
      
total population: 0.86 male(s)/female (2011 est.) 
        ", 1.054 , 1.05 , 0.95 , 0.48 , 0.86 
Lebanon,"birth: 1.05 male(s)/female 
      
under 15 years: 1.05 male(s)/female 
      
15-64 years: 0.95 male(s)/female 
      
65 years and over: 0.87 male(s)/female 
      
total population: 0.96 male(s)/female (2011 est.) 
        ", 1.05 , 1.05 , 0.95 , 0.87 , 0.96 
Lesotho,"birth: 1.03 male(s)/female 
      
under 15 years: 1.01 male(s)/female 
      
15-64 years: 0.95 male(s)/female 
      
65 years and over: 0.96 male(s)/female 
      
total population: 0.97 male(s)/female (2011 est.) 
        ", 1.03 , 1.01 , 0.95 , 0.96 , 0.97 
Liberia,"birth: 1.03 male(s)/female 
      
under 15 years: 1.01 male(s)/female 
      
15-64 years: 0.98 male(s)/female 
      
65 years and over: 1.03 male(s)/female 
      
total population: 1 male(s)/female (2011 est.) 
        ", 1.03 , 1.01 , 0.98 , 1.03 , 1 
Libya,"birth: 1.05 male(s)/female 
      
under 15 years: 1.04 male(s)/female 
      
15-64 years: 1.06 male(s)/female 
      
65 years and over: 0.96 male(s)/female 
      
total population: 1.05 male(s)/female (2011 est.) 
        ", 1.05 , 1.04 , 1.06 , 0.96 , 1.05 
Liechtenstein,"birth: 1 male(s)/female 
      
under 15 years: 0.98 male(s)/female 
      
15-64 years: 0.97 male(s)/female 
      
65 years and over: 0.77 male(s)/female 
      
total population: 0.94 male(s)/female (2011 est.) 
        ", 1 , 0.98 , 0.97 , 0.77 , 0.94 
Lithuania,"birth: 1.057 male(s)/female 
      
under 15 years: 1.06 male(s)/female 
      
15-64 years: 0.96 male(s)/female 
      
65 years and over: 0.53 male(s)/female 
      
total population: 0.89 male(s)/female (2011 est.) 
        ", 1.057 , 1.06 , 0.96 , 0.53 , 0.89 
Luxembourg,"birth: 1.066 male(s)/female 
      
under 15 years: 1.07 male(s)/female 
      
15-64 years: 1.01 male(s)/female 
      
65 years and over: 0.7 male(s)/female 
      
total population: 0.97 male(s)/female (2011 est.) 
        ", 1.066 , 1.07 , 1.01 , 0.7 , 0.97 
Macau,"birth: 1.05 male(s)/female 
      
under 15 years: 1.14 male(s)/female 
      
15-64 years: 0.88 male(s)/female 
      
65 years and over: 0.88 male(s)/female 
      
total population: 0.92 male(s)/female (2011 est.) 
        ", 1.05 , 1.14 , 0.88 , 0.88 , 0.92 
Macedonia,"birth: 1.077 male(s)/female 
      
under 15 years: 1.08 male(s)/female 
      
15-64 years: 1.02 male(s)/female 
      
65 years and over: 0.76 male(s)/female 
      
total population: 1 male(s)/female (2011 est.) 
        ", 1.077 , 1.08 , 1.02 , 0.76 , 1 
Madagascar,"birth: 1.03 male(s)/female 
      
under 15 years: 1.01 male(s)/female 
      
15-64 years: 0.99 male(s)/female 
      
65 years and over: 0.8 male(s)/female 
      
total population: 0.99 male(s)/female (2011 est.) 
        ", 1.03 , 1.01 , 0.99 , 0.8 , 0.99 
Malawi,"birth: 1.015 male(s)/female 
      
under 15 years: 1 male(s)/female 
      
15-64 years: 1 male(s)/female 
      
65 years and over: 0.76 male(s)/female 
      
total population: 0.99 male(s)/female (2011 est.) 
        ", 1.015 , 1 , 1 , 0.76 , 0.99 
Malaysia,"birth: 1.069 male(s)/female 
      
under 15 years: 1.06 male(s)/female 
      
15-64 years: 1.01 male(s)/female 
      
65 years and over: 0.79 male(s)/female 
      
total population: 1.01 male(s)/female (2011 est.) 
        ", 1.069 , 1.06 , 1.01 , 0.79 , 1.01 
Maldives,"birth: 1.05 male(s)/female 
      
under 15 years: 1.04 male(s)/female 
      
15-64 years: 1.57 male(s)/female 
      
65 years and over: 0.98 male(s)/female 
      
total population: 1.4 male(s)/female (2011 est.) 
        ", 1.05 , 1.04 , 1.57 , 0.98 , 1.4 
Mali,"birth: 1.03 male(s)/female 
      
under 15 years: 1.01 male(s)/female 
      
15-64 years: 0.95 male(s)/female 
      
65 years and over: 0.92 male(s)/female 
      
total population: 0.98 male(s)/female (2011 est.) 
        ", 1.03 , 1.01 , 0.95 , 0.92 , 0.98 
Malta,"birth: 1.058 male(s)/female 
      
under 15 years: 1.05 male(s)/female 
      
15-64 years: 1.03 male(s)/female 
      
65 years and over: 0.77 male(s)/female 
      
total population: 0.99 male(s)/female (2011 est.) 
        ", 1.058 , 1.05 , 1.03 , 0.77 , 0.99 
Marshall Islands,"birth: 1.05 male(s)/female 
      
under 15 years: 1.04 male(s)/female 
      
15-64 years: 1.04 male(s)/female 
      
65 years and over: 0.94 male(s)/female 
      
total population: 1.04 male(s)/female (2011 est.) 
        ", 1.05 , 1.04 , 1.04 , 0.94 , 1.04 
Mauritania,"birth: 1.03 male(s)/female 
      
under 15 years: 1.01 male(s)/female 
      
15-64 years: 0.89 male(s)/female 
      
65 years and over: 0.74 male(s)/female 
      
total population: 0.93 male(s)/female (2011 est.) 
        ", 1.03 , 1.01 , 0.89 , 0.74 , 0.93 
Mauritius,"birth: 1.05 male(s)/female 
      
under 15 years: 1.04 male(s)/female 
      
15-64 years: 0.99 male(s)/female 
      
65 years and over: 0.67 male(s)/female 
      
total population: 0.97 male(s)/female (2011 est.) 
        ", 1.05 , 1.04 , 0.99 , 0.67 , 0.97 
Mexico,"birth: 1.05 male(s)/female 
      
under 15 years: 1.04 male(s)/female 
      
15-64 years: 0.94 male(s)/female 
      
65 years and over: 0.82 male(s)/female 
      
total population: 0.96 male(s)/female (2011 est.) 
        ", 1.05 , 1.04 , 0.94 , 0.82 , 0.96 
"Micronesia, Federated States of","birth: 1.05 male(s)/female 
      
under 15 years: 1.03 male(s)/female 
      
15-64 years: 0.99 male(s)/female 
      
65 years and over: 0.74 male(s)/female 
      
total population: 0.99 male(s)/female (2011 est.) 
        ", 1.05 , 1.03 , 0.99 , 0.74 , 0.99 
Moldova,"birth: 1.059 male(s)/female 
      
under 15 years: 1.06 male(s)/female 
      
15-64 years: 0.94 male(s)/female 
      
65 years and over: 0.58 male(s)/female 
      
total population: 0.91 male(s)/female (2011 est.) 
        ", 1.059 , 1.06 , 0.94 , 0.58 , 0.91 
Monaco,"birth: 1.039 male(s)/female 
      
under 15 years: 1.05 male(s)/female 
      
15-64 years: 1 male(s)/female 
      
65 years and over: 0.8 male(s)/female 
      
total population: 0.95 male(s)/female (2011 est.) 
        ", 1.039 , 1.05 , 1 , 0.8 , 0.95 
Mongolia,"birth: 1.05 male(s)/female 
      
under 15 years: 1.04 male(s)/female 
      
15-64 years: 1 male(s)/female 
      
65 years and over: 0.77 male(s)/female 
      
total population: 1 male(s)/female (2011 est.) 
        ", 1.05 , 1.04 , 1 , 0.77 , 1 
Montenegro,"birth: 1.072 male(s)/female 
      
under 15 years: 0.95 male(s)/female 
      
15-64 years: 1.08 male(s)/female 
      
65 years and over: 0.67 male(s)/female 
      
total population: 0.99 male(s)/female (2011 est.) 
        ", 1.072 , 0.95 , 1.08 , 0.67 , 0.99 
Montserrat,"birth: 1.033 male(s)/female 
      
under 15 years: 1.09 male(s)/female 
      
15-64 years: 0.91 male(s)/female 
      
65 years and over: 2.03 male(s)/female 
      
total population: 1.01 male(s)/female (2011 est.) 
        ", 1.033 , 1.09 , 0.91 , 2.03 , 1.01 
Morocco,"birth: 1.05 male(s)/female 
      
under 15 years: 1.03 male(s)/female 
      
15-64 years: 0.96 male(s)/female 
      
65 years and over: 0.83 male(s)/female 
      
total population: 0.97 male(s)/female (2011 est.) 
        ", 1.05 , 1.03 , 0.96 , 0.83 , 0.97 
Mozambique,"birth: 1.017 male(s)/female 
      
under 15 years: 1.01 male(s)/female 
      
15-64 years: 0.96 male(s)/female 
      
65 years and over: 0.71 male(s)/female 
      
total population: 0.98 male(s)/female (2011 est.) 
        ", 1.017 , 1.01 , 0.96 , 0.71 , 0.98 
Namibia,"birth: 1.03 male(s)/female 
      
under 15 years: 1.02 male(s)/female 
      
15-64 years: 1.03 male(s)/female 
      
65 years and over: 0.8 male(s)/female 
      
total population: 1.01 male(s)/female (2011 est.) 
        ", 1.03 , 1.02 , 1.03 , 0.8 , 1.01 
Nauru,"birth: 0.837 male(s)/female 
      
under 15 years: 1.04 male(s)/female 
      
15-64 years: 0.97 male(s)/female 
      
65 years and over: 1 male(s)/female 
      
total population: 0.99 male(s)/female (2011 est.) 
        ", 0.837 , 1.04 , 0.97 , 1 , 0.99 
Nepal,"birth: 1.04 male(s)/female 
      
under 15 years: 1.04 male(s)/female 
      
15-64 years: 0.92 male(s)/female 
      
65 years and over: 0.88 male(s)/female 
      
total population: 0.96 male(s)/female (2011 est.) 
        ", 1.04 , 1.04 , 0.92 , 0.88 , 0.96 
Netherlands,"birth: 1.052 male(s)/female 
      
under 15 years: 1.05 male(s)/female 
      
15-64 years: 1.02 male(s)/female 
      
65 years and over: 0.76 male(s)/female 
      
total population: 0.98 male(s)/female (2011 est.) 
        ", 1.052 , 1.05 , 1.02 , 0.76 , 0.98 
New Caledonia,"birth: 1.05 male(s)/female 
      
under 15 years: 1.04 male(s)/female 
      
15-64 years: 1.01 male(s)/female 
      
65 years and over: 0.86 male(s)/female 
      
total population: 1 male(s)/female (2011 est.) 
        ", 1.05 , 1.04 , 1.01 , 0.86 , 1 
New Zealand,"birth: 1.048 male(s)/female 
      
under 15 years: 1.05 male(s)/female 
      
15-64 years: 1 male(s)/female 
      
65 years and over: 0.84 male(s)/female 
      
total population: 0.99 male(s)/female (2011 est.) 
        ", 1.048 , 1.05 , 1 , 0.84 , 0.99 
Nicaragua,"birth: 1.05 male(s)/female 
      
under 15 years: 1.04 male(s)/female 
      
15-64 years: 1 male(s)/female 
      
65 years and over: 0.78 male(s)/female 
      
total population: 1 male(s)/female (2011 est.) 
        ", 1.05 , 1.04 , 1 , 0.78 , 1 
Niger,"birth: 1.03 male(s)/female 
      
under 15 years: 1.02 male(s)/female 
      
15-64 years: 0.99 male(s)/female 
      
65 years and over: 0.8 male(s)/female 
      
total population: 1 male(s)/female (2011 est.) 
        ", 1.03 , 1.02 , 0.99 , 0.8 , 1 
Nigeria,"birth: 1.06 male(s)/female 
      
under 15 years: 1.05 male(s)/female 
      
15-64 years: 1.04 male(s)/female 
      
65 years and over: 0.94 male(s)/female 
      
total population: 1.04 male(s)/female (2011 est.) 
        ", 1.06 , 1.05 , 1.04 , 0.94 , 1.04 
Niue,"   NA 
        "
Norfolk Island,"   NA 
        "
Northern Mariana Islands,"birth: 1.061 male(s)/female 
      
under 15 years: 1.15 male(s)/female 
      
15-64 years: 0.85 male(s)/female 
      
65 years and over: 0.92 male(s)/female 
      
total population: 0.93 male(s)/female (2011 est.) 
        ", 1.061 , 1.15 , 0.85 , 0.92 , 0.93 
Norway,"birth: 1.054 male(s)/female 
      
under 15 years: 1.04 male(s)/female 
      
15-64 years: 1.03 male(s)/female 
      
65 years and over: 0.76 male(s)/female 
      
total population: 0.98 male(s)/female (2011 est.) 
        ", 1.054 , 1.04 , 1.03 , 0.76 , 0.98 
Oman,"birth: 1.05 male(s)/female 
      
under 15 years: 1.05 male(s)/female 
      
15-64 years: 1.34 male(s)/female 
      
65 years and over: 1.06 male(s)/female 
      
total population: 1.23 male(s)/female (2011 est.) 
        ", 1.05 , 1.05 , 1.34 , 1.06 , 1.23 
Pakistan,"birth: 1.05 male(s)/female 
      
under 15 years: 1.06 male(s)/female 
      
15-64 years: 1.09 male(s)/female 
      
65 years and over: 0.92 male(s)/female 
      
total population: 1.07 male(s)/female (2011 est.) 
        ", 1.05 , 1.06 , 1.09 , 0.92 , 1.07 
Palau,"birth: 1.064 male(s)/female 
      
under 15 years: 1.06 male(s)/female 
      
15-64 years: 1.25 male(s)/female 
      
65 years and over: 0.43 male(s)/female 
      
total population: 1.13 male(s)/female (2011 est.) 
        ", 1.064 , 1.06 , 1.25 , 0.43 , 1.13 
Panama,"birth: 1.045 male(s)/female 
      
under 15 years: 1.04 male(s)/female 
      
15-64 years: 1.02 male(s)/female 
      
65 years and over: 0.87 male(s)/female 
      
total population: 1.02 male(s)/female (2011 est.) 
        ", 1.045 , 1.04 , 1.02 , 0.87 , 1.02 
Papua New Guinea,"birth: 1.05 male(s)/female 
      
under 15 years: 1.03 male(s)/female 
      
15-64 years: 1.06 male(s)/female 
      
65 years and over: 1.2 male(s)/female 
      
total population: 1.06 male(s)/female (2011 est.) 
        ", 1.05 , 1.03 , 1.06 , 1.2 , 1.06 
Paraguay,"birth: 1.05 male(s)/female 
      
under 15 years: 1.03 male(s)/female 
      
15-64 years: 1.01 male(s)/female 
      
65 years and over: 0.86 male(s)/female 
      
total population: 1.01 male(s)/female (2011 est.) 
        ", 1.05 , 1.03 , 1.01 , 0.86 , 1.01 
Peru,"birth: 1.046 male(s)/female 
      
under 15 years: 1.04 male(s)/female 
      
15-64 years: 1.01 male(s)/female 
      
65 years and over: 0.89 male(s)/female 
      
total population: 1.01 male(s)/female (2011 est.) 
        ", 1.046 , 1.04 , 1.01 , 0.89 , 1.01 
Philippines,"birth: 1.05 male(s)/female 
      
under 15 years: 1.04 male(s)/female 
      
15-64 years: 1 male(s)/female 
      
65 years and over: 0.76 male(s)/female 
      
total population: 1 male(s)/female (2011 est.) 
        ", 1.05 , 1.04 , 1 , 0.76 , 1 
Pitcairn Islands,"   NA 
        "
Poland,"birth: 1.061 male(s)/female 
      
under 15 years: 1.06 male(s)/female 
      
15-64 years: 0.99 male(s)/female 
      
65 years and over: 0.62 male(s)/female 
      
total population: 0.94 male(s)/female (2011 est.) 
        ", 1.061 , 1.06 , 0.99 , 0.62 , 0.94 
Portugal,"birth: 1.067 male(s)/female 
      
under 15 years: 1.09 male(s)/female 
      
15-64 years: 1 male(s)/female 
      
65 years and over: 0.7 male(s)/female 
      
total population: 0.95 male(s)/female (2011 est.) 
        ", 1.067 , 1.09 , 1 , 0.7 , 0.95 
Puerto Rico,"birth: 1.05 male(s)/female 
      
under 15 years: 1.04 male(s)/female 
      
15-64 years: 0.93 male(s)/female 
      
65 years and over: 0.75 male(s)/female 
      
total population: 0.92 male(s)/female (2011 est.) 
        ", 1.05 , 1.04 , 0.93 , 0.75 , 0.92 
Qatar,"birth: 1.056 male(s)/female 
      
under 15 years: 1.06 male(s)/female 
      
15-64 years: 2.44 male(s)/female 
      
65 years and over: 1.36 male(s)/female 
      
total population: 1.99 male(s)/female (2011 est.) 
        ", 1.056 , 1.06 , 2.44 , 1.36 , 1.99 
Romania,"birth: 1.06 male(s)/female 
      
under 15 years: 1.05 male(s)/female 
      
15-64 years: 0.99 male(s)/female 
      
65 years and over: 0.69 male(s)/female 
      
total population: 0.95 male(s)/female (2011 est.) 
        ", 1.06 , 1.05 , 0.99 , 0.69 , 0.95 
Russia,"birth: 1.06 male(s)/female 
      
under 15 years: 1.06 male(s)/female 
      
15-64 years: 0.92 male(s)/female 
      
65 years and over: 0.44 male(s)/female 
      
total population: 0.85 male(s)/female (2011 est.) 
        ", 1.06 , 1.06 , 0.92 , 0.44 , 0.85 
Rwanda,"birth: 1.03 male(s)/female 
      
under 15 years: 1.01 male(s)/female 
      
15-64 years: 0.99 male(s)/female 
      
65 years and over: 0.67 male(s)/female 
      
total population: 0.99 male(s)/female (2011 est.) 
        ", 1.03 , 1.01 , 0.99 , 0.67 , 0.99 
Saint Barthelemy,"birth: 1.027 male(s)/female 
      
under 15 years: 1.06 male(s)/female 
      
15-64 years: 1.19 male(s)/female 
      
65 years and over: 0.98 male(s)/female 
      
total population: 1.14 male(s)/female (2011 est.) 
        ", 1.027 , 1.06 , 1.19 , 0.98 , 1.14 
"Saint Helena, Ascension, and Tristan da Cunha","birth: 1.05 male(s)/female 
      
under 15 years: 1.04 male(s)/female 
      
15-64 years: 1.04 male(s)/female 
      
65 years and over: 0.94 male(s)/female 
      
total population: 1.02 male(s)/female (2011 est.) 
        ", 1.05 , 1.04 , 1.04 , 0.94 , 1.02 
Saint Kitts and Nevis,"birth: 1.02 male(s)/female 
      
under 15 years: 0.99 male(s)/female 
      
15-64 years: 1.03 male(s)/female 
      
65 years and over: 0.78 male(s)/female 
      
total population: 1 male(s)/female (2011 est.) 
        ", 1.02 , 0.99 , 1.03 , 0.78 , 1 
Saint Lucia,"birth: 1.055 male(s)/female 
      
under 15 years: 1.05 male(s)/female 
      
15-64 years: 0.94 male(s)/female 
      
65 years and over: 0.82 male(s)/female 
      
total population: 0.95 male(s)/female (2011 est.) 
        ", 1.055 , 1.05 , 0.94 , 0.82 , 0.95 
Saint Martin,"birth: 1.04 male(s)/female 
      
under 15 years: 0.99 male(s)/female 
      
15-64 years: 0.91 male(s)/female 
      
65 years and over: 0.82 male(s)/female 
      
total population: 0.93 male(s)/female (2011 est.) 
        ", 1.04 , 0.99 , 0.91 , 0.82 , 0.93 
Saint Pierre and Miquelon,"birth: 1.042 male(s)/female 
      
under 15 years: 1.06 male(s)/female 
      
15-64 years: 1.03 male(s)/female 
      
65 years and over: 0.68 male(s)/female 
      
total population: 0.98 male(s)/female (2011 est.) 
        ", 1.042 , 1.06 , 1.03 , 0.68 , 0.98 
Saint Vincent and the Grenadines,"birth: 1.031 male(s)/female 
      
under 15 years: 1.02 male(s)/female 
      
15-64 years: 1.06 male(s)/female 
      
65 years and over: 0.83 male(s)/female 
      
total population: 1.03 male(s)/female (2011 est.) 
        ", 1.031 , 1.02 , 1.06 , 0.83 , 1.03 
Samoa,"birth: 1.051 male(s)/female 
      
under 15 years: 1.07 male(s)/female 
      
15-64 years: 1.08 male(s)/female 
      
65 years and over: 0.8 male(s)/female 
      
total population: 1.06 male(s)/female (2011 est.) 
        ", 1.051 , 1.07 , 1.08 , 0.8 , 1.06 
San Marino,"birth: 1.095 male(s)/female 
      
under 15 years: 1.14 male(s)/female 
      
15-64 years: 0.94 male(s)/female 
      
65 years and over: 0.8 male(s)/female 
      
total population: 0.94 male(s)/female (2011 est.) 
        ", 1.095 , 1.14 , 0.94 , 0.8 , 0.94 
Sao Tome and Principe,"birth: 1.03 male(s)/female 
      
under 15 years: 1.03 male(s)/female 
      
15-64 years: 0.97 male(s)/female 
      
65 years and over: 0.86 male(s)/female 
      
total population: 1 male(s)/female (2011 est.) 
        ", 1.03 , 1.03 , 0.97 , 0.86 , 1 
Saudi Arabia,"birth: 1.05 male(s)/female 
      
under 15 years: 1.04 male(s)/female 
      
15-64 years: 1.27 male(s)/female 
      
65 years and over: 1.03 male(s)/female 
      
total population: 1.17 male(s)/female (2011 est.) 
        ", 1.05 , 1.04 , 1.27 , 1.03 , 1.17 
Senegal,"birth: 1.03 male(s)/female 
      
under 15 years: 1.01 male(s)/female 
      
15-64 years: 0.98 male(s)/female 
      
65 years and over: 0.87 male(s)/female 
      
total population: 0.99 male(s)/female (2011 est.) 
        ", 1.03 , 1.01 , 0.98 , 0.87 , 0.99 
Serbia,"birth: 1.065 male(s)/female 
      
under 15 years: 1.07 male(s)/female 
      
15-64 years: 1 male(s)/female 
      
65 years and above: 0.7 male(s)/female 
      
total population: 0.95 male(s)/female (2011 est.) 
        ", 1.065 , 1.07 , 1 , 0.7 , 0.95 
Seychelles,"birth: 1.031 male(s)/female 
      
under 15 years: 1.05 male(s)/female 
      
15-64 years: 1.09 male(s)/female 
      
65 years and over: 0.6 male(s)/female 
      
total population: 1.03 male(s)/female (2011 est.) 
        ", 1.031 , 1.05 , 1.09 , 0.6 , 1.03 
Sierra Leone,"birth: 1.03 male(s)/female 
      
under 15 years: 0.98 male(s)/female 
      
15-64 years: 0.92 male(s)/female 
      
65 years and over: 0.81 male(s)/female 
      
total population: 0.94 male(s)/female (2011 est.) 
        ", 1.03 , 0.98 , 0.92 , 0.81 , 0.94 
Singapore,"birth: 1.077 male(s)/female 
      
under 15 years: 1.08 male(s)/female 
      
15-64 years: 0.95 male(s)/female 
      
65 years and over: 0.81 male(s)/female 
      
total population: 0.95 male(s)/female (2011 est.) 
        ", 1.077 , 1.08 , 0.95 , 0.81 , 0.95 
Sint Maarten,"birth: 0.98 male(s)/female 
      
under 15 years: 0.96 male(s)/female 
      
15-64 years: 0.92 male(s)/female 
      
65 years and over: 0.81 male(s)/female 
      
total population: 0.92 male(s)/female (2010) 
        ", 0.98 , 0.96 , 0.92 , 0.81 , 0.92 
Slovakia,"birth: 1.051 male(s)/female 
      
under 15 years: 1.05 male(s)/female 
      
15-64 years: 0.99 male(s)/female 
      
65 years and over: 0.6 male(s)/female 
      
total population: 0.94 male(s)/female (2011 est.) 
        ", 1.051 , 1.05 , 0.99 , 0.6 , 0.94 
Slovenia,"birth: 1.066 male(s)/female 
      
under 15 years: 1.06 male(s)/female 
      
15-64 years: 1.02 male(s)/female 
      
65 years and over: 0.65 male(s)/female 
      
total population: 0.95 male(s)/female (2011 est.) 
        ", 1.066 , 1.06 , 1.02 , 0.65 , 0.95 
Solomon Islands,"birth: 1.05 male(s)/female 
      
under 15 years: 1.04 male(s)/female 
      
15-64 years: 1.02 male(s)/female 
      
65 years and over: 0.89 male(s)/female 
      
total population: 1.02 male(s)/female (2011 est.) 
        ", 1.05 , 1.04 , 1.02 , 0.89 , 1.02 
Somalia,"birth: 1.03 male(s)/female 
      
under 15 years: 1 male(s)/female 
      
15-64 years: 1 male(s)/female 
      
65 years and over: 0.7 male(s)/female 
      
total population: 1 male(s)/female (2011 est.) 
        ", 1.03 , 1 , 1 , 0.7 , 1 
South Africa,"birth: 1.02 male(s)/female 
      
under 15 years: 1 male(s)/female 
      
15-64 years: 1.02 male(s)/female 
      
65 years and over: 0.68 male(s)/female 
      
total population: 0.99 male(s)/female (2011 est.) 
        ", 1.02 , 1 , 1.02 , 0.68 , 0.99 
Spain,"birth: 1.065 male(s)/female 
      
under 15 years: 1.06 male(s)/female 
      
15-64 years: 1.01 male(s)/female 
      
65 years and over: 0.72 male(s)/female 
      
total population: 0.96 male(s)/female (2011 est.) 
        ", 1.065 , 1.06 , 1.01 , 0.72 , 0.96 
Sri Lanka,"birth: 1.04 male(s)/female 
      
under 15 years: 1.04 male(s)/female 
      
15-64 years: 0.96 male(s)/female 
      
65 years and over: 0.86 male(s)/female 
      
total population: 0.97 male(s)/female (2011 est.) 
        ", 1.04 , 1.04 , 0.96 , 0.86 , 0.97 
Sudan,"birth: 1.05 male(s)/female 
      
under 15 years: 1.04 male(s)/female 
      
15-64 years: 1.01 male(s)/female 
      
65 years and over: 1.05 male(s)/female 
      
total population: 1.03 male(s)/female (2011 est.) 
        ", 1.05 , 1.04 , 1.01 , 1.05 , 1.03 
Suriname,"birth: 1.068 male(s)/female 
      
under 15 years: 1.04 male(s)/female 
      
15-64 years: 0.99 male(s)/female 
      
65 years and over: 0.75 male(s)/female 
      
total population: 0.99 male(s)/female (2011 est.) 
        ", 1.068 , 1.04 , 0.99 , 0.75 , 0.99 
Svalbard,"   NA 
        "
Swaziland,"birth: 1.03 male(s)/female 
      
under 15 years: 1.02 male(s)/female 
      
15-64 years: 0.98 male(s)/female 
      
65 years and over: 0.72 male(s)/female 
      
total population: 0.99 male(s)/female (2011 est.) 
        ", 1.03 , 1.02 , 0.98 , 0.72 , 0.99 
Sweden,"birth: 1.061 male(s)/female 
      
under 15 years: 1.06 male(s)/female 
      
15-64 years: 1.02 male(s)/female 
      
65 years and over: 0.8 male(s)/female 
      
total population: 0.98 male(s)/female (2011 est.) 
        ", 1.061 , 1.06 , 1.02 , 0.8 , 0.98 
Switzerland,"birth: 1.054 male(s)/female 
      
under 15 years: 1.08 male(s)/female 
      
15-64 years: 1.02 male(s)/female 
      
65 years and over: 0.72 male(s)/female 
      
total population: 0.97 male(s)/female (2011 est.) 
        ", 1.054 , 1.08 , 1.02 , 0.72 , 0.97 
Syria,"birth: 1.06 male(s)/female 
      
under 15 years: 1.05 male(s)/female 
      
15-64 years: 1.03 male(s)/female 
      
65 years and over: 0.86 male(s)/female 
      
total population: 1.03 male(s)/female (2011 est.) 
        ", 1.06 , 1.05 , 1.03 , 0.86 , 1.03 
Taiwan,"birth: 1.084 male(s)/female 
      
under 15 years: 1.08 male(s)/female 
      
15-64 years: 1.02 male(s)/female 
      
65 years and over: 0.92 male(s)/female 
      
total population: 1.02 male(s)/female (2011 est.) 
        ", 1.084 , 1.08 , 1.02 , 0.92 , 1.02 
Tajikistan,"birth: 1.05 male(s)/female 
      
under 15 years: 1.04 male(s)/female 
      
15-64 years: 0.98 male(s)/female 
      
65 years and over: 0.74 male(s)/female 
      
total population: 0.99 male(s)/female (2011 est.) 
        ", 1.05 , 1.04 , 0.98 , 0.74 , 0.99 
Tanzania,"birth: 1.03 male(s)/female 
      
under 15 years: 1.01 male(s)/female 
      
15-64 years: 0.98 male(s)/female 
      
65 years and over: 0.77 male(s)/female 
      
total population: 0.98 male(s)/female (2011 est.) 
        ", 1.03 , 1.01 , 0.98 , 0.77 , 0.98 
Thailand,"birth: 1.054 male(s)/female 
      
under 15 years: 1.05 male(s)/female 
      
15-64 years: 0.98 male(s)/female 
      
65 years and over: 0.82 male(s)/female 
      
total population: 0.98 male(s)/female (2011 est.) 
        ", 1.054 , 1.05 , 0.98 , 0.82 , 0.98 
Timor-Leste,"birth: 1.05 male(s)/female 
      
under 15 years: 1.03 male(s)/female 
      
15-64 years: 1.04 male(s)/female 
      
65 years and over: 0.9 male(s)/female 
      
total population: 1.03 male(s)/female (2011 est.) 
        ", 1.05 , 1.03 , 1.04 , 0.9 , 1.03 
Togo,"birth: 1.03 male(s)/female 
      
under 15 years: 1 male(s)/female 
      
15-64 years: 0.96 male(s)/female 
      
65 years and over: 0.63 male(s)/female 
      
total population: 0.97 male(s)/female (2011 est.) 
        ", 1.03 , 1 , 0.96 , 0.63 , 0.97 
Tokelau,"   NA 
        "
Tonga,"birth: 1.03 male(s)/female 
      
under 15 years: 1.04 male(s)/female 
      
15-64 years: 0.99 male(s)/female 
      
65 years and over: 0.7 male(s)/female 
      
total population: 0.99 male(s)/female (2011 est.) 
        ", 1.03 , 1.04 , 0.99 , 0.7 , 0.99 
Trinidad and Tobago,"birth: 1.028 male(s)/female 
      
under 15 years: 1.05 male(s)/female 
      
15-64 years: 1.06 male(s)/female 
      
65 years and over: 0.75 male(s)/female 
      
total population: 1.02 male(s)/female (2011 est.) 
        ", 1.028 , 1.05 , 1.06 , 0.75 , 1.02 
Tunisia,"birth: 1.07 male(s)/female 
      
under 15 years: 1.07 male(s)/female 
      
15-64 years: 1.01 male(s)/female 
      
65 years and over: 0.86 male(s)/female 
      
total population: 1.01 male(s)/female (2011 est.) 
        ", 1.07 , 1.07 , 1.01 , 0.86 , 1.01 
Turkey,"birth: 1.05 male(s)/female 
      
under 15 years: 1.05 male(s)/female 
      
15-64 years: 1.02 male(s)/female 
      
65 years and over: 0.84 male(s)/female 
      
total population: 1.02 male(s)/female (2011 est.) 
        ", 1.05 , 1.05 , 1.02 , 0.84 , 1.02 
Turkmenistan,"birth: 1.05 male(s)/female 
      
under 15 years: 1.02 male(s)/female 
      
15-64 years: 0.98 male(s)/female 
      
65 years and over: 0.77 male(s)/female 
      
total population: 0.98 male(s)/female (2011 est.) 
        ", 1.05 , 1.02 , 0.98 , 0.77 , 0.98 
Turks and Caicos Islands,"birth: 1.052 male(s)/female 
      
under 15 years: 1.04 male(s)/female 
      
15-64 years: 1.1 male(s)/female 
      
65 years and over: 0.98 male(s)/female 
      
total population: 1.07 male(s)/female (2011 est.) 
        ", 1.052 , 1.04 , 1.1 , 0.98 , 1.07 
Tuvalu,"birth: 1.042 male(s)/female 
      
under 15 years: 1.06 male(s)/female 
      
15-64 years: 0.95 male(s)/female 
      
65 years and over: 0.73 male(s)/female 
      
total population: 0.97 male(s)/female (2011 est.) 
        ", 1.042 , 1.06 , 0.95 , 0.73 , 0.97 
Uganda,"birth: 1.03 male(s)/female 
      
under 15 years: 1.01 male(s)/female 
      
15-64 years: 1.01 male(s)/female 
      
65 years and over: 0.7 male(s)/female 
      
total population: 1.01 male(s)/female (2011 est.) 
        ", 1.03 , 1.01 , 1.01 , 0.7 , 1.01 
Ukraine,"birth: 1.065 male(s)/female 
      
under 15 years: 1.06 male(s)/female 
      
15-64 years: 0.92 male(s)/female 
      
65 years and over: 0.49 male(s)/female 
      
total population: 0.85 male(s)/female (2011 est.) 
        ", 1.065 , 1.06 , 0.92 , 0.49 , 0.85 
United Arab Emirates,"birth: 1.05 male(s)/female 
      
under 15 years: 1.05 male(s)/female 
      
15-64 years: 2.75 male(s)/female 
      
65 years and over: 1.8 male(s)/female 
      
total population: 2.2 male(s)/female (2011 est.) 
        ", 1.05 , 1.05 , 2.75 , 1.8 , 2.2 
United Kingdom,"birth: 1.052 male(s)/female 
      
under 15 years: 1.05 male(s)/female 
      
15-64 years: 1.03 male(s)/female 
      
65 years and over: 0.76 male(s)/female 
      
total population: 0.98 male(s)/female (2011 est.) 
        ", 1.052 , 1.05 , 1.03 , 0.76 , 0.98 
United States,"birth: 1.047 male(s)/female 
      
under 15 years: 1.04 male(s)/female 
      
15-64 years: 1 male(s)/female 
      
65 years and over: 0.75 male(s)/female 
      
total population: 0.97 male(s)/female (2011 est.) 
        ", 1.047 , 1.04 , 1 , 0.75 , 0.97 
Uruguay,"birth: 1.037 male(s)/female 
      
under 15 years: 1.03 male(s)/female 
      
15-64 years: 0.99 male(s)/female 
      
65 years and over: 0.67 male(s)/female 
      
total population: 0.95 male(s)/female (2011 est.) 
        ", 1.037 , 1.03 , 0.99 , 0.67 , 0.95 
Uzbekistan,"birth: 1.06 male(s)/female 
      
under 15 years: 1.05 male(s)/female 
      
15-64 years: 0.99 male(s)/female 
      
65 years and over: 0.75 male(s)/female 
      
total population: 0.99 male(s)/female (2011 est.) 
        ", 1.06 , 1.05 , 0.99 , 0.75 , 0.99 
Vanuatu,"birth: 1.05 male(s)/female 
      
under 15 years: 1.04 male(s)/female 
      
15-64 years: 1.04 male(s)/female 
      
65 years and over: 1.05 male(s)/female 
      
total population: 1.04 male(s)/female (2011 est.) 
        ", 1.05 , 1.04 , 1.04 , 1.05 , 1.04 
Venezuela,"birth: 1.05 male(s)/female 
      
under 15 years: 1.03 male(s)/female 
      
15-64 years: 0.97 male(s)/female 
      
65 years and over: 0.79 male(s)/female 
      
total population: 0.98 male(s)/female (2011 est.) 
        ", 1.05 , 1.03 , 0.97 , 0.79 , 0.98 
Vietnam,"birth: 1.117 male(s)/female 
      
under 15 years: 1.1 male(s)/female 
      
15-64 years: 0.99 male(s)/female 
      
65 years and over: 0.62 male(s)/female 
      
total population: 0.99 male(s)/female (2011 est.) 
        ", 1.117 , 1.1 , 0.99 , 0.62 , 0.99 
Virgin Islands,"birth: 1.058 male(s)/female 
      
under 15 years: 1.04 male(s)/female 
      
15-64 years: 0.87 male(s)/female 
      
65 years and over: 0.83 male(s)/female 
      
total population: 0.9 male(s)/female (2011 est.) 
        ", 1.058 , 1.04 , 0.87 , 0.83 , 0.9 
Wallis and Futuna,"birth: 1.048 male(s)/female 
      
under 15 years: 1.1 male(s)/female 
      
15-64 years: 1.01 male(s)/female 
      
65 years and over: 0.85 male(s)/female 
      
total population: 1.02 male(s)/female (2011 est.) 
        ", 1.048 , 1.1 , 1.01 , 0.85 , 1.02 
West Bank,"birth: 1.06 male(s)/female 
      
under 15 years: 1.05 male(s)/female 
      
15-64 years: 1.05 male(s)/female 
      
65 years and over: 0.71 male(s)/female 
      
total population: 1.04 male(s)/female (2011 est.) 
        ", 1.06 , 1.05 , 1.05 , 0.71 , 1.04 
Western Sahara,"birth: 1.04 male(s)/female 
      
under 15 years: 1.02 male(s)/female 
      
15-64 years: 0.97 male(s)/female 
      
65 years and over: 0.78 male(s)/female 
      
total population: 0.98 male(s)/female (2011 est.) 
        ", 1.04 , 1.02 , 0.97 , 0.78 , 0.98 
World,"birth: 1.07 male(s)/female 
      
under 15 years: 1.07 male(s)/female 
      
15-64 years: 1.02 male(s)/female 
      
65 years and over: 0.79 male(s)/female 
      
total population: 1.01 male(s)/female (2011 est.) 
        ", 1.07 , 1.07 , 1.02 , 0.79 , 1.01 
Yemen,"birth: 1.05 male(s)/female 
      
under 15 years: 1.04 male(s)/female 
      
15-64 years: 1.03 male(s)/female 
      
65 years and over: 0.91 male(s)/female 
      
total population: 1.03 male(s)/female (2011 est.) 
        ", 1.05 , 1.04 , 1.03 , 0.91 , 1.03 
Zambia,"birth: 1.03 male(s)/female 
      
under 15 years: 1.01 male(s)/female 
      
15-64 years: 1.01 male(s)/female 
      
65 years and over: 0.68 male(s)/female 
      
total population: 1 male(s)/female (2011 est.) 
        ", 1.03 , 1.01 , 1.01 , 0.68 , 1 
Zimbabwe,"birth: 1.03 male(s)/female 
      
under 15 years: 1.02 male(s)/female 
      
15-64 years: 0.83 male(s)/female 
      
65 years and over: 0.75 male(s)/female 
      
total population: 0.91 male(s)/female (2011 est.) 
", 1.03 , 1.02 , 0.83 , 0.75 , 0.91 
